method,trust_radius,noise_pm,n,n_conv,conv_pct,avg_total_steps,med_total_steps,med_step_conv,p95_step_conv,avg_wall_s,med_wall_s,total_wall_s,wall_per_conv_s,avg_fmax,min_fmax,avg_n_neg,n_used_newton,frac_used_newton
hybrid_damped_eckart_swtrue,0.005,10,287,249,86.7595818815331,168.8432055749129,38.0,35.0,64.0,10.471769017209574,2.4796864986419678,3005.397707939148,12.069870313008627,0.011259089374059712,0.00335232314155409,1.024390243902439,281,0.9790940766550522
hybrid_damped_eckart_swtrue,0.01,10,287,249,86.7595818815331,152.01393728222996,21.0,19.0,36.0,9.346037769982209,1.3364620208740234,2682.312839984894,10.772340722830899,0.010690221479123775,0.0035464307594147417,1.024390243902439,281,0.9790940766550522
hybrid_damped_eckart_swtrue,0.02,10,287,247,86.06271777003484,151.61324041811847,12.0,10.0,25.0,9.183204494702276,0.798297643661499,2635.579689979553,10.670363117326126,0.010364164385507933,0.003026419025428888,1.024390243902439,281,0.9790940766550522
hybrid_damped_eckart_swtrue,0.05,10,287,246,85.71428571428571,151.05226480836237,8.0,6.0,21.0,9.49529942236711,0.5153605937957764,2725.1509342193604,11.077849326094961,0.010407920734366517,0.00312658976359886,1.0278745644599303,280,0.975609756097561
hybrid_eckart_swtrue,0.005,10,287,243,84.66898954703832,179.0,24.0,21.0,66.0,10.627342914455028,1.4390382766723633,3050.047416448593,12.551635458636186,0.010611021644513281,0.0031815481008531355,1.0278745644599303,279,0.9721254355400697
hybrid_eckart_swtrue,0.01,10,287,243,84.66898954703832,168.66898954703834,15.0,12.0,37.0,10.114671551807417,0.8850691318511963,2902.9107353687286,11.946134713451558,0.010454792914524306,0.002303322069498459,1.0278745644599303,279,0.9721254355400697
hybrid_eckart_swtrue,0.02,10,287,243,84.66898954703832,163.70034843205576,10.0,8.0,25.899999999999977,9.771880312663752,0.5902450084686279,2804.529649734497,11.541274278742787,0.010266503556093067,0.0031957963047181234,1.0278745644599303,279,0.9721254355400697
hybrid_eckart_swtrue,0.05,10,287,243,84.66898954703832,160.9616724738676,7.0,5.0,21.899999999999977,9.693494476923128,0.42479944229125977,2782.032914876938,11.448695122950362,0.01040471159752904,0.002236534100453783,1.0313588850174216,279,0.9721254355400697
hybrid_eckart_swtrue,0.1,10,287,245,85.36585365853658,153.595818815331,7.0,5.0,21.799999999999983,9.247706387516514,0.41262006759643555,2654.0917332172394,10.833027482519345,0.010895784088200347,0.00278043636657296,1.024390243902439,281,0.9790940766550522
